Workbook

Sheet Ringkasan
A1: Ringkasan Sertifikasi GLD — EMC · IP · RF · ATEX
A2: Status per 28 Oktober 2026. Angka dihitung otomatis dari kolom Status di setiap sheet.
A4: Checklist EMC | E4: Catatan prioritas
A5: Status | B5: Jumlah | C5: % | E5: 1. EMC: margin GLD 0,51 dB @ 117,9 MHz — mitigasi & re-scan sebelum uji resmi (EMC-07).
A6: Belum | B6: =COUNTIF('Checklist EMC'!$E$5:$E$22,"Belum") | C6: =IF($B$12=0,0,B6/$B$12) | E6: 2. RF: EIRP konfigurasi saat ini (GLD ≈ 25 dBm, CH mesh ≈ 30 dBm) perlu dicek ke batas SDPPI (RF-02/03).
A7: Proses | B7: =COUNTIF('Checklist EMC'!$E$5:$E$22,"Proses") | C7: =IF($B$12=0,0,B7/$B$12) | E7: 3. IP: inlet gas + fan terbuka perlu keputusan desain agar IP66 tercapai (IP-02).
A8: Sebagian | B8: =COUNTIF('Checklist EMC'!$E$5:$E$22,"Sebagian") | C8: =IF($B$12=0,0,B8/$B$12) | E8: 4. ATEX: tunggu umpan balik GTS, kirim ulang dossier terkoreksi, gambar flame path & gland Ex d (AX-02…09).
A9: Menunggu | B9: =COUNTIF('Checklist EMC'!$E$5:$E$22,"Menunggu") | C9: =IF($B$12=0,0,B9/$B$12) | E9: 5. Termin 1 sertifikasi: sesi uji internal disaksikan Pertamina + berita acara (AX-17).
A10: Selesai | B10: =COUNTIF('Checklist EMC'!$E$5:$E$22,"Selesai") | C10: =IF($B$12=0,0,B10/$B$12)
A11: N.A. | B11: =COUNTIF('Checklist EMC'!$E$5:$E$22,"N.A.") | C11: =IF($B$12=0,0,B11/$B$12)
A12: Total | B12: =SUM(B6:B11)
A14: Rencana IP
A15: Status | B15: Jumlah | C15: %
A16: Belum | B16: =COUNTIF('Rencana IP'!$G$5:$G$16,"Belum") | C16: =IF($B$22=0,0,B16/$B$22)
A17: Proses | B17: =COUNTIF('Rencana IP'!$G$5:$G$16,"Proses") | C17: =IF($B$22=0,0,B17/$B$22)
A18: Sebagian | B18: =COUNTIF('Rencana IP'!$G$5:$G$16,"Sebagian") | C18: =IF($B$22=0,0,B18/$B$22)
A19: Menunggu | B19: =COUNTIF('Rencana IP'!$G$5:$G$16,"Menunggu") | C19: =IF($B$22=0,0,B19/$B$22)
A20: Selesai | B20: =COUNTIF('Rencana IP'!$G$5:$G$16,"Selesai") | C20: =IF($B$22=0,0,B20/$B$22)
A21: N.A. | B21: =COUNTIF('Rencana IP'!$G$5:$G$16,"N.A.") | C21: =IF($B$22=0,0,B21/$B$22)
A22: Total | B22: =SUM(B16:B21)
A24: Rencana RF
A25: Status | B25: Jumlah | C25: %
A26: Belum | B26: =COUNTIF('Rencana RF'!$G$5:$G$21,"Belum") | C26: =IF($B$32=0,0,B26/$B$32)
A27: Proses | B27: =COUNTIF('Rencana RF'!$G$5:$G$21,"Proses") | C27: =IF($B$32=0,0,B27/$B$32)
A28: Sebagian | B28: =COUNTIF('Rencana RF'!$G$5:$G$21,"Sebagian") | C28: =IF($B$32=0,0,B28/$B$32)
A29: Menunggu | B29: =COUNTIF('Rencana RF'!$G$5:$G$21,"Menunggu") | C29: =IF($B$32=0,0,B29/$B$32)
A30: Selesai | B30: =COUNTIF('Rencana RF'!$G$5:$G$21,"Selesai") | C30: =IF($B$32=0,0,B30/$B$32)
A31: N.A. | B31: =COUNTIF('Rencana RF'!$G$5:$G$21,"N.A.") | C31: =IF($B$32=0,0,B31/$B$32)
A32: Total | B32: =SUM(B26:B31)
A34: Monitor ATEX
A35: Status | B35: Jumlah | C35: %
A36: Belum | B36: =COUNTIF('Monitor ATEX'!$D$5:$D$24,"Belum") | C36: =IF($B$42=0,0,B36/$B$42)
A37: Proses | B37: =COUNTIF('Monitor ATEX'!$D$5:$D$24,"Proses") | C37: =IF($B$42=0,0,B37/$B$42)
A38: Sebagian | B38: =COUNTIF('Monitor ATEX'!$D$5:$D$24,"Sebagian") | C38: =IF($B$42=0,0,B38/$B$42)
A39: Menunggu | B39: =COUNTIF('Monitor ATEX'!$D$5:$D$24,"Menunggu") | C39: =IF($B$42=0,0,B39/$B$42)
A40: Selesai | B40: =COUNTIF('Monitor ATEX'!$D$5:$D$24,"Selesai") | C40: =IF($B$42=0,0,B40/$B$42)
A41: N.A. | B41: =COUNTIF('Monitor ATEX'!$D$5:$D$24,"N.A.") | C41: =IF($B$42=0,0,B41/$B$42)
A42: Total | B42: =SUM(B36:B41)

Sheet Checklist EMC
A1: Checklist EMC — Node GLD, Cluster Head, Gateway
A2: Status per 28 Oktober 2026, dari pre-scan EN 55032 Kelas A di Telkom Test House (15 Okt 2026). Detail temuan E-1…E-7 ada di Laporan Teknis Pengujian EMC (LGU/GLD/EMC/2026-001).
A4: ID | B4: Kelompok | C4: Item | D4: Standar | E4: Status | F4: Hasil / catatan | G4: PIC | H4: Bukti | I4: Target | J4: Update
A5: EMC-01 | B5: Pre-scan | C5: Emisi radiasi GLD 30 MHz–1 GHz (QP) | D5: EN 55032 Kelas A | E5: Selesai | F5: Margin terkecil 0,51 dB @ 117,9 MHz (H, 300 cm) — kritis | G5: Lab IoT ITB | H5: Laporan EMC bab 2.3
A6: EMC-02 | B6: Pre-scan | C6: Emisi radiasi GLD 1–6 GHz (Peak/AV) | D6: EN 55032 Kelas A | E6: Selesai | F6: Margin ≥ 33,97 dB | G6: Lab IoT ITB | H6: Laporan EMC bab 2.4
A7: EMC-03 | B7: Pre-scan | C7: Emisi konduksi GLD sisi AC PSU (L1/L2) | D7: EN 55032 Kelas A | E7: Selesai | F7: Margin ≥ 6,03 dB @ 323,9 kHz | G7: Lab IoT ITB | H7: Laporan EMC bab 2.1–2.2
A8: EMC-04 | B8: Pre-scan | C8: Emisi radiasi CH besar 30 MHz–6 GHz | D8: EN 55032 Kelas A | E8: Selesai | F8: Margin 3,28 dB @ 978,9 MHz; 5,56 dB @ 1,8425 GHz (harmonik) | G8: Lab IoT ITB | H8: Laporan EMC bab 3.2–3.3
A9: EMC-05 | B9: Pre-scan | C9: Emisi konduksi port DC CH besar | D9: EN 55032 Kelas A | E9: Selesai | F9: Margin ≥ 42,41 dB | G9: Lab IoT ITB | H9: Laporan EMC bab 3.1
A10: EMC-06 | B10: Pre-scan | C10: Emisi konduksi port 24 VDC GLD (AAN/LISN DC) | D10: EN 55032 Kelas A | E10: Belum | F10: Batas produk = masukan 24 VDC saja (temuan E-4) | G10: Lab IoT ITB
A11: EMC-07 | B11: Mitigasi | C11: Mitigasi & re-scan GLD 117–127 MHz, target margin ≥ 6 dB | D11: EN 55032 Kelas A | E11: Belum | F11: Ferit kabel daya/fan, filter input, grounding (E-1) | G11: Lab IoT ITB
A12: EMC-08 | B12: Konfirmasi | C12: Exclusion band LoRa / ulang ukur mode idle | D12: EN 301 489-1/-3 | E12: Belum | F12: Konfirmasi ke Telkom Test House (E-2) | G12: LGU
A13: EMC-09 | B13: Pre-scan | C13: Pre-scan Gateway (adaptor 5 VDC + WiFi) | D13: EN 55032 | E13: Belum | F13: Perangkat di gedung | G13: Lab IoT ITB
A14: EMC-10 | B14: Pre-scan | C14: Pre-scan CH kecil | D14: EN 55032 | E14: Belum | G14: Lab IoT ITB
A15: EMC-11 | B15: Imunitas | C15: ESD | D15: IEC 61000-4-2 | E15: Belum | F15: Kontak/udara pada enclosure & konektor | G15: LGU
A16: EMC-12 | B16: Imunitas | C16: Medan RF radiasi | D16: IEC 61000-4-3 | E16: Sebagian | F16: Hanya uji interferensi co-channel LoRa 17 Sep (informal) | G16: LGU | H16: Laporan perkembangan 17 Sep
A17: EMC-13 | B17: Imunitas | C17: EFT/burst & surge port 24 VDC | D17: IEC 61000-4-4 / -4-5 | E17: Belum | G17: LGU
A18: EMC-14 | B18: Imunitas | C18: RF konduksi & dip/interupsi DC | D18: IEC 61000-4-6 / -4-29 | E18: Belum | G18: LGU
A19: EMC-15 | B19: Persiapan | C19: Kriteria kinerja saat uji imunitas (tanpa alarm palsu / alarm hilang) | D19: EN 61000-6-2 / EN 50270 | E19: Belum | F19: Ditetapkan sebelum uji | G19: LGU · Lab IoT ITB
A20: EMC-16 | B20: Persiapan | C20: Identitas EUT tercatat (S/N, firmware, mode, kabel, PSU) | D20: — | E20: Belum | F20: Kekurangan draf (E-6) | G20: Lab IoT ITB
A21: EMC-17 | B21: Persiapan | C21: Pilih lab terakreditasi & standar uji resmi | D21: — | E21: Belum | G21: LGU
A22: EMC-18 | B22: Resmi | C22: Laporan uji EMC resmi | D22: — | E22: Belum | G22: Lab

Sheet Rencana IP
A1: Rencana Uji IP (Ingress Protection) — Node GLD
A2: Target IP66 menurut IEC 60529, sejalan dengan marking Ex usulan. Urutan: keputusan desain → pra-uji internal → uji resmi di lab Ex (uji termal & impak lebih dulu, lalu IP). Kolom Target diisi tim.
A4: ID | B4: Tahap | C4: Kegiatan | D4: Standar / klausul | E4: Metode / parameter | F4: Kriteria lulus | G4: Status | H4: PIC | I4: Target | J4: Catatan
A5: IP-01 | B5: Target | C5: Tetapkan target IP | D5: IEC 60529 | E5: IP66 (target di dossier & nameplate usulan); IP67 opsional (proposal) | F5: Target tertulis, belum diuji | G5: Selesai | H5: LGU · PT Galaksi
A6: IP-02 | B6: Desain | C6: Keputusan inlet gas (mesh depan + fan) terhadap IP66 | D6: IEC 60529 §14 / IEC 60079-0 | E6: Inlet terbuka berpotensi kemasukan air saat uji semprot. Opsi: membran hidrofobik (PTFE), pelindung semprot (weather guard), atau ruang sensor terpisah | F6: Keputusan desain tertulis + gambar | G6: Belum | H6: PT Galaksi · LGU
A7: IP-03 | B7: Desain | C7: Rating komponen penutup | D7: IEC 60529 | E7: Cable gland M20×1,5 Ex d berating ≥ IP66; blanking plug; seal bulkhead SMA antena; O-ring tutup (tali 2,70 mm, OD ≈ 91 mm) | F7: Datasheet/sertifikat tiap komponen | G7: Belum | H7: PT Galaksi
A8: IP-04 | B8: Sampel | C8: Siapkan sampel konfigurasi produksi | D8: — | E8: Gland Ex d (bukan gland polimer prototipe), torsi tutup & gland tercatat | F8: Sampel sesuai gambar | G8: Belum | H8: PT Galaksi · LGU
A9: IP-05 | B9: Pra-uji | C9: Pra-uji internal semprot air (setara IPX6) | D9: IEC 60529 §14.2.6 | E9: Nozzle Ø12,5 mm, 100 L/min ± 5 %, jarak 2,5–3 m, 1 menit/m² (min. 3 menit) dari semua arah | F9: Tidak ada air di bagian elektronik; unit berfungsi normal | G9: Belum | H9: Lab IoT ITB
A10: IP-06 | B10: Pra-uji | C10: Inspeksi seal pasca pra-uji | D10: — | E10: Buka unit, kertas indikator air, foto bagian dalam | F10: Bukti foto & catatan | G10: Belum | H10: Lab IoT ITB
A11: IP-07 | B11: Uji resmi | C11: Uji pendahuluan Ex: ketahanan termal bagian non-logam & uji impak | D11: IEC 60079-0 §26 | E11: Panas/dingin pada gasket & bagian non-logam; impak sesuai Grup II; dilakukan SEBELUM uji IP | F11: Tidak ada kerusakan yang menurunkan proteksi | G11: Belum | H11: Lab ATEX (via GTS)
A12: IP-08 | B12: Uji resmi | C12: Uji debu IP6X | D12: IEC 60529 §13.4 | E12: Kategori 1 (tekanan negatif 2 kPa), bubuk talk, maks. 8 jam / 80 volume udara | F12: Tidak ada debu masuk | G12: Belum | H12: Lab ATEX (via GTS)
A13: IP-09 | B13: Uji resmi | C13: Uji semprot air IPX6 | D13: IEC 60529 §14.2.6 | E13: Seperti IP-05 | F13: Air yang masuk tidak mengganggu operasi & keselamatan | G13: Belum | H13: Lab ATEX (via GTS)
A14: IP-10 | B14: Uji resmi | C14: Uji fungsi setelah uji IP | D14: — | E14: Pembacaan sensor, kirim LoRa, alarm | F14: Fungsi normal | G14: Belum | H14: Lab · LGU
A15: IP-11 | B15: Koordinasi | C15: Konfirmasi ke GTS: uji IP66 masuk paket uji ATEX atau terpisah | D15: — | E15: Karena IP66 dicantumkan pada marking Ex, uji IP biasanya dilakukan lab Ex dalam urutan uji tipe | F15: Jawaban tertulis GTS | G15: Belum | H15: LGU
A16: IP-12 | B16: Dokumen | C16: Laporan uji IP & pembaruan dossier/nameplate | D16: — | F16: Laporan resmi | G16: Belum | H16: LGU

Sheet Rencana RF
A1: Rencana Uji & Sertifikasi RF (LoRa 920–923 MHz)
A2: Sertifikasi radio utama: SDPPI (Indonesia). Angka batas regulasi wajib diverifikasi ke peraturan terbaru sebelum dipakai. RF-03/RF-04 berpotensi mengubah setelan daya pancar & jangkauan.
A4: ID | B4: Tahap | C4: Kegiatan | D4: Standar / klausul | E4: Metode / parameter | F4: Kriteria lulus | G4: Status | H4: PIC | I4: Target | J4: Catatan
A5: RF-01 | B5: Regulasi | C5: Tetapkan sertifikasi target | D5: SDPPI (Indonesia) | E5: Pita 920–923 MHz adalah pita Indonesia; pita SRD Eropa adalah 863–870 MHz sehingga sertifikasi radio CE untuk 920 MHz tidak relevan kecuali dibuat varian 868 MHz | F5: Keputusan tertulis | G5: Belum | H5: LGU
A6: RF-02 | B6: Regulasi | C6: Verifikasi batas teknis 920–923 MHz (EIRP, bandwidth, duty cycle) | D6: Peraturan SDPPI/Kominfo terbaru | E6: Acuan umum LoRa untuk Indonesia: EIRP maks. 16 dBm — wajib dicek ke peraturan yang berlaku | F6: Tabel batas resmi | G6: Belum | H6: LGU
A7: RF-03 | B7: Desain | C7: Hitung EIRP konfigurasi saat ini | D7: — | E7: GLD: 22 dBm + 3 dBi ≈ 25 dBm; CH mesh: 22 dBm + 8 dBi ≈ 30 dBm. Pre-scan CH 112,47 dBµV/m @3 m ≈ 17 dBm EIRP (indikatif) | F7: EIRP ≤ batas resmi | G7: Belum | H7: Lab IoT ITB
A8: RF-04 | B8: Desain | C8: Setel daya TX per jenis antena & uji ulang jangkauan | D8: — | E8: Contoh bila batas 16 dBm: GLD ≤ 13 dBm, CH mesh ≤ 8 dBm; ulang uji jangkauan/mesh | F8: Link budget tetap memadai | G8: Belum | H8: Lab IoT ITB
A9: RF-05 | B9: Firmware | C9: Mode uji radio (TX kontinu / CW / termodulasi pada kanal terpilih) | D9: — | E9: Diperlukan lab untuk mengukur pemancar | F9: Firmware mode uji tersedia | G9: Belum | H9: Lab IoT ITB
A10: RF-06 | B10: Pra-uji | C10: Daya keluaran konduksi di port antena | D10: SDPPI / EN 300 220-1 (metode) | E10: Spectrum analyzer + atenuator, 920 & 921 MHz | F10: Sesuai setelan & batas | G10: Belum | H10: Lab IoT ITB
A11: RF-07 | B11: Pra-uji | C11: Kesalahan frekuensi & lebar pita terpakai (99 %) | D11: SDPPI | E11: LoRa BW 125 kHz | F11: Dalam pita & toleransi | G11: Belum | H11: Lab IoT ITB
A12: RF-08 | B12: Pra-uji | C12: Emisi spurious & harmonik (konduksi + radiasi s.d. 6 GHz) | D12: SDPPI / EN 300 220-1 | E12: Fokus harmonik ke-2 1,84 GHz & ke-3 2,76 GHz (CH) | F12: Di bawah batas spurious | G12: Belum | H12: Lab IoT ITB
A13: RF-09 | B13: Pra-uji | C13: Duty cycle / laju kirim | D13: Peraturan terkait | E13: Hitung dari interval kirim normal (±90 dtk) & alarm (±10 dtk) | F13: Sesuai batas bila ada | G13: Belum | H13: Lab IoT ITB
A14: RF-10 | B14: Dokumen | C14: Data antena (gain, pola) 3 dBi & 8 dBi | D14: — | E14: Datasheet pemasok | F14: Datasheet tersedia | G14: Belum | H14: LGU
A15: RF-11 | B15: Dokumen | C15: Status sertifikasi modul E22-900MM22S | D15: — | E15: Sertifikat modul tidak menggantikan sertifikasi perangkat di Indonesia | F15: Data pemasok | G15: Belum | H15: LGU
A16: RF-12 | B16: Regulasi | C16: Cek persyaratan TKDN perangkat LPWA | D16: Peraturan Kominfo/Kemenperin | E16: Perlu dicek | F16: Status jelas | G16: Belum | H16: LGU
... A18: RF-14 | B18: Koordinasi | C18: Pilih lab uji perangkat telekomunikasi | D18: — | E18: Telkom Test House (sudah dipakai pre-scan EMC) atau lab lain yang diakui SDPPI; gabungkan dengan uji EMC radio | F18: Penawaran & jadwal | G18: Belum | H18: LGU
A19: RF-15 | B19: Dokumen | C19: Berkas permohonan (manual, skematik, foto, block diagram, label) | D19: SDPPI | F19: Berkas lengkap | G19: Belum | H19: LGU
A20: RF-16 | B20: Pendukung | C20: Uji ketahanan interferensi co-channel 10–25 dBm | D20: — | E20: RSSI stabil −17…−18 dBm (hasil awal informal, 17 Sep) | F20: Bukti pendukung | G20: Sebagian | H20: Lab Fisika ITB
A21: RF-17 | B21: Pendukung | C21: Router WiFi 2,4 GHz komersial bersertifikat | D21: SDPPI | E21: Pastikan berlabel sertifikat | F21: Label terverifikasi | G21: Belum | H21: LGU

Sheet Monitor ATEX
A1: Monitor Sertifikasi ATEX/IECEx — Node GLD
A2: Status per 28 Oktober 2026. GTS = agen sertifikasi (bukan badan sertifikasi). Perbarui kolom Status & Update setiap ada perkembangan, lalu catat di sheet Log ATEX.
A4: ID | B4: Kategori | C4: Item | D4: Status | E4: Update terakhir | F4: Keterangan | G4: Langkah berikut | H4: PIC | I4: Target | J4: Bukti / dokumen
A5: AX-01 | B5: Pengajuan | C5: Form aplikasi & dossier dikirim ke GTS (agen sertifikasi) | D5: Selesai | E5: ±29 Sep 2026 | F5: Applicant = PT Galaksi; marking usulan II 2G Ex db IIC T4 Gb | G5: — | H5: PT Galaksi · LGU
A6: AX-02 | B6: Pengajuan | C6: Umpan balik / iterasi dari GTS atas dossier | D6: Menunggu | E6: 28 Okt 2026 | F6: Belum tercatat ada umpan balik di repo | G6: Tanyakan status ke GTS | H6: LGU
A7: AX-03 | B7: Pengajuan | C7: Perbaikan 8 kontradiksi dossier terkirim (marking debu, Tamb, PG13.5, Ex d, partisi, baterai, material, relay) | D7: Selesai | E7: 8 Okt 2026 | F7: Sudah dibetulkan di Dokumen Teknis Sertifikasi rev 2.8+ | G7: Kirim ulang (AX-04) | H7: LGU
A8: AX-04 | B8: Pengajuan | C8: Kirim ulang dossier terkoreksi ke GTS | D8: Belum | E8: 28 Okt 2026 | G8: Kirim bersama jawaban iterasi GTS | H8: LGU · PT Galaksi
A9: AX-05 | B9: Sampel | C9: Sampel GLD2-0x1001 + surat pengantar GTS & surat Bea Cukai | D9: Proses | E9: 12 Okt 2026 | F9: Surat siap; status pengiriman/serah terima sampel belum dikonfirmasi | G9: Konfirmasi tanggal serah terima | H9: LGU
A10: AX-06 | B10: Sampel | C10: Baterai 7×18650 di sampel — kapasitas per sel & keputusan baterai di luar produk | D10: Belum | E10: 12 Okt 2026 | F10: >3860 mAh/sel ⇒ >100 Wh (izin maskapai) | G10: Konfirmasi kapasitas sel; putuskan terminal BAT | H10: LGU
A11: AX-07 | B11: Teknis | C11: Metode proteksi Ex d (flameproof enclosure) | D11: Proses | E11: 28 Sep 2026 | F11: Rekomendasi tim & dicentang di form; perlu diterima ExCB | G11: Tunggu tanggapan GTS/ExCB | H11: LGU
A12: AX-08 | B12: Teknis | C12: Gambar enclosure & flame path terkendali (G-03) | D12: Belum | E12: 7 Okt 2026 | F12: Sketsa ukur MS-01…04 hanya ilustrasi | G12: Minta gambar dari mitra casing | H12: PT Galaksi
A13: AX-09 | B13: Teknis | C13: Cable gland Ex d IIC (barrier gland) — ganti gland polimer prototipe | D13: Belum | E13: 7 Okt 2026 | G13: Pilih gland bersertifikat M20×1,5 | H13: PT Galaksi
A14: AX-10 | B14: Teknis | C14: Bukti inlet gas / mesh sensor (flame arrestor) untuk Ex d | D14: Belum | E14: 7 Okt 2026 | G14: Data pabrikan mesh / desain arrestor | H14: PT Galaksi · LGU
A15: AX-11 | B15: Teknis | C15: Kelas suhu T4 — uji suhu permukaan | D15: Sebagian | E15: 30 Sep 2026 | F15: Ekstrapolasi +60 °C ≈ 114 °C vs batas efektif 130 °C; enclosure ≈ 79 °C; TC-3/4/5, mode alarm & TX belum | G15: Lengkapi pengukuran & metadata uji | H15: Lab IoT ITB
A16: AX-12 | B16: Dokumen | C16: BOM Ex-critical & material non-logam (6.b/6.c) | D16: Sebagian | E16: 7 Okt 2026 | F16: BOM elektronik ada; data material & datasheet pemasok belum | G16: Minta data mitra casing | H16: PT Galaksi · LGU
A17: AX-13 | B17: Dokumen | C17: Proses manufaktur (6.d) | D17: Sebagian | E17: 7 Okt 2026 | F17: Struktur d.1–d.13 ada; data pabrik belum | G17: Lengkapi dari PT Galaksi | H17: PT Galaksi
A18: AX-14 | B18: Dokumen | C18: Nameplate & marking (6.h) | D18: Sebagian | E18: 7 Okt 2026 | F18: Artwork usulan MS-05 80×55 mm | G18: Final setelah sertifikat | H18: LGU · PT Galaksi
A19: AX-15 | B19: Dokumen | C19: Sertifikat komponen Ex (6.i) | D19: Belum | E19: 7 Okt 2026 | F19: Gland, blanking plug, dll. | G19: Kumpulkan sertifikat | H19: PT Galaksi
A20: AX-16 | B20: Organisasi | C20: ISO 9001 PT Galaksi | D20: Proses | E20: 7 Okt 2026 | F20: Audit dijadwalkan Okt 2026 | G20: Konfirmasi hasil audit | H20: PT Galaksi
A21: AX-17 | B21: Kontrak | C21: Termin 1 sertifikasi: uji internal disaksikan Pertamina + berita acara | D21: Belum | E21: 30 Sep 2026 | F21: Harus sebelum sampel diuji lab; penilaian oleh Pertamina | G21: Jadwalkan sesi witness | H21: LGU
A22: AX-18 | B22: Terkait | C22: Uji IP66 (sheet Rencana IP) | D22: Belum | E22: 28 Oktober 2026 | G22: Lihat IP-02 & IP-11 | H22: LGU
A23: AX-19 | B23: Terkait | C23: EMC (sheet Checklist EMC) | D23: Sebagian | E23: 28 Oktober 2026 | F23: Pre-scan emisi selesai; imunitas belum | G23: Lihat EMC-06…EMC-18 | H23: LGU
A24: AX-20 | B24: Terkait | C24: RF / SDPPI (sheet Rencana RF) | D24: Belum | E24: 28 Oktober 2026 | G24: Lihat RF-01…RF-03 | H24: LGU

Sheet Log ATEX
A1: Log perkembangan ATEX
A2: Tambahkan satu baris setiap ada perkembangan (umpan balik GTS, uji, dokumen baru).
A4: Tanggal | B4: ID terkait | C4: Perkembangan | D4: Sumber | E4: Dicatat oleh
A5: 29 Sep 2026 | B5: AX-01 | C5: Form aplikasi & dossier dikirim ke GTS | D5: Berkas terkirim | E5: LGU
A6: 30 Sep 2026 | B6: AX-11 | C6: Data suhu pertama: ekstrapolasi ≈ 114 °C vs batas efektif T4 130 °C | D6: Uji internal | E6: Lab IoT ITB
A7: 7–8 Okt 2026 | B7: AX-03 | C7: Dokumen Teknis Sertifikasi diaudit vs Panduan Revisi; kontradiksi dibetulkan | D7: Dokumen rev 2.8–2.9 | E7: LGU
A8: 12 Okt 2026 | B8: AX-05 | C8: Surat pengantar sampel ke GTS & surat keterangan Bea Cukai disiapkan | D8: Surat | E8: LGU
A9: 15 Okt 2026 | B9: AX-19 | C9: Pre-scan EMC GLD & CH di Telkom Test House | D9: Laporan EMC | E9: Lab IoT ITB
A10: 28 Okt 2026 | B10: — | C10: Checklist EMC, rencana IP & RF, dan monitor ATEX dibuat | D10: Workbook ini | E10: LGU
